" The customer does not exist in the system anymore."," 존재하지 않은 고객정보입니다."
" [deleted]"," [삭제완료]"
" and "," 그리고 "
"%s (Default Template from Locale)","%s (지역별 기본 템플릿)"
"%s cache type(s) disabled.","%s 캐시 비활성화."
"%s cache type(s) enabled.","%s 캐시 활성화."
"%s cache type(s) refreshed.","%s 캐시 새로고침."
"(For Type ""Local Server"" need to use relative path to Magento install var/export or var/import, e.g. var/export, var/import, var/export/some/dir, var/import/some/dir)","(For Type ""Local Server"" need to use relative path to Magento install var/export or var/import, e.g. var/export, var/import, var/export/some/dir, var/import/some/dir)"
"(For US 2-letter state names)","(영어 두 글자로 이름을 지정)"
"(If left empty will be auto-generated)","(공란으로 남겨두면, 자동으로 생성 될 것입니다.)"
"(Leave empty for first spreadsheet)","(첫 번째 스프레드 시트는 비워둡니다.)"
"(Products will be added/updated to this store if 'store' column is blank or missing in the import file.)","(Products will be added/updated to this store if 'store' column is blank or missing in the import file.)"
"(Shift-)Click or drag to change value","(Shift-)Click or drag to change value"
"(Starting with)","(Starting with)"
"(When 'No', only mapped fields will be imported. When mapping, use 'column1', 'column2', etc.)","(When 'No', only mapped fields will be imported. When mapping, use 'column1', 'column2', etc.)"
"(You have to increase php memory_limit before changing this value)","(You have to increase php memory_limit before changing this value)"
"(\\t for tab)","(\\t for tab)"
"* - If indexing is in progress, it will be killed and new indexing process will start.","* - If indexing is in progress, it will be killed and new indexing process will start."
"* Required Fields","* 필수 입력"
"- Click on any of the time parts to increase it","- Click on any of the time parts to increase it"
"- Hold mouse button on any of the above buttons for faster selection.","- 마우스나 키를 누르고 계시면 빠른 선택이 가능합니다."
"- Use the %s buttons to select month","- %s 버튼을 누르시면 월이 선택됩니다."
"- Use the %s, %s buttons to select year","- %s, %s 버튼을 누르시면 년도가 선택됩니다."
"- or Shift-click to decrease it","- Shift키를 누른상태에서 클릭하시면 감소됩니다."
"- or click and drag for faster selection.","- 빠른 선택을 위해 클릭이나 드래그 하세요"
"-- Not Selected --","-- 선택안함 --"
"-- Please Select --","-- 선택해주세요 --"
"-- Please Select Billing Agreement--","-- 결제방법을 선택해주세요 --"
"-- Please Select a Category --","-- 카테고리를 선택하세요 --"
"-- Please select --","-- 선택해주세요 --"
"--Please Select--","--선택해주세요--"
"1 Hour","1시간"
"12 Hours","12시간"
"12h AM/PM","12시 오전/오후"
"2 Hours","2시간"
"24 Hours","24시간"
"24h","24시"
"2YTD","2YTD"
"6 Hours","6시간"
"<h1 class=""page-heading"">404 Error</h1><p>Page not found.</p>","<h1 class=""page-heading"">404 에러</h1><p>페이지를 찾을 수 없습니다.</p>"
"<strong>%s</strong> requests access to your account","<strong>%s</strong> requests access to your account"
"<strong>Attention</strong>: Captcha is case sensitive.","<strong>주의</strong>: 보안 문자(Captcha)는 대소 문자를 구분합니다."
"A user with the same user name or email aleady exists.","동일한 이름 또는 이메일 주소를 가진 사용자가 이미 존재합니다."
"API Key","API 키"
"API Key Confirmation","API 키 확인"
"ASCII","아스키(ASCII)"
"Abandoned Carts","Abandoned Carts"
"About the calendar","About the calendar"
"Access Denied","접근 불가"
"Access denied","접근 불가"
"Access denied.","접근 불가."
"Account Created in:","계정 생성일:"
"Account Created on (%s):","계성 생성일 (%s):"
"Account Created on:","계성 생성일:"
"Account Information","계정 정보"
"Account Status","계정 상태"
"Account status","계정 상태"
"Action","동작"
"Actions","동작"
"Actions XML","Actions XML"
"Active","활성"
"Add","추가"
"Add Exception","예외 추가"
"Add Field Mapping","Add Field Mapping"
"Add Field with URL:","Add Field with URL:"
"Add New","신규 추가"
"Add New Image","신규 이미지 추가"
"Add New Profile","신규 프로파일 추가"
"Add New Role","신규 역할 추가"
"Add New Template","신규 템플릿 추가"
"Add New URL Rewrite","신규 URL Rewrite 추가"
"Add New User","신규 사용자 추가"
"Add New Variable","신규 변수 추가"
"Add Products","상품 추가"
"Add URL Rewrite","URL Rewrite 추가"
"Add URL Rewrite for a Category","카테고리 URL Rewrite 추가"
"Add URL Rewrite for a Product","상품 URL Rewrite 추가"
"Add after","Add after"
"Additional Cache Management","캐시 추가 관리"
"Address Type:","주소 유형"
"Admin","관리자"
"Advanced Admin Section","고급 관리 영역"
"Advanced Profiles","상세 프로파일"
"Advanced Section","상세 영역"
"After authorization application will have access to you account.","After authorization application will have access to you account."
"All","전체"
"All Allowed Countries","모든 국가 허용"
"All Cache","전체 캐시"
"All Files","전체 파일"
"All Reviews","전체 리뷰"
"All Store Views","모든 상점 뷰"
"All Tags","전체 테그"
"All Websites","전체 웹사이트"
"All countries","전체 국가"
"All fields","모든 필드"
"All possible rates were fetched, please click on ""Save"" to apply","All possible rates were fetched, please click on ""Save"" to apply"
"All rates were fetched, please click on ""Save"" to apply","All rates were fetched, please click on ""Save"" to apply"
"All valid rates have been saved.","유효한 모든 항목이 저장되었습니다."
"Always (during development)","항상 (개발기간)"
"Amounts","수량"
"An error has occured while syncronizing media storages.","미디어 스토리지를 동기화하는 동안 오류가 발생했습니다."
"An error occurred while clearing the JavaScript/CSS cache.","자바스크립트/스타일시트 캐시를 삭제하는 동안 오류가 발생했습니다."
"An error occurred while clearing the image cache.","이미지 캐시를 삭제하는 동안 오류가 발생했습니다."
"An error occurred while deleting URL Rewrite.","URL Rewrite 를 삭제하는 동안 오류가 발생했습니다."
"An error occurred while deleting email template data. Please review log and try again.","이메일 템플릿 데이터를 삭제하는 동안 오류가 발생했습니다. 로그를 검토하고 다시 시도하십시오."
"An error occurred while deleting record(s).","레코드(를) 삭제하는 동안 오류가 발생했습니다."
"An error occurred while deleting this role.","이 역할을 삭제하는 동안 오류가 발생했습니다."
"An error occurred while deleting this set.","이 설정을 삭제하는 동안 오류가 발생했습니다."
"An error occurred while deleting this template.","이 템플릿을 삭제하는 동안 오류가 발생했습니다."
"An error occurred while finishing process. Please refresh the cache","절차(process)를 마무리하는 동안 오류가 발생했습니다. 캐시를 새로 고치십시오."
"An error occurred while rebuilding the CatalogInventory Stock Status.","재고상태 갱신중 오류가 발생하였습니다."
"An error occurred while rebuilding the catalog index.","상품정보 갱신중 오류가 발생하였습니다."
"An error occurred while rebuilding the flat catalog category.","카테고리 상품 갱신중 오류가 발상하였습니다."
"An error occurred while rebuilding the flat product catalog.","An error occurred while rebuilding the flat product catalog."
"An error occurred while rebuilding the search index.","검색 목록 갱신중 오류가 발생하였습니다."
"An error occurred while refreshing the Catalog Rewrites.","상품 주소갱신중 오류가 발생하였습니다."
"An error occurred while refreshing the Layered Navigation indices.","An error occurred while refreshing the Layered Navigation indices."
"An error occurred while refreshing the catalog rewrites.","An error occurred while refreshing the catalog rewrites."
"An error occurred while refreshing the layered navigation indices.","An error occurred while refreshing the layered navigation indices."
"An error occurred while saving URL Rewrite.","URL 재작성중 오류가 발생하였습니다."
"An error occurred while saving account.","계정정보 저장중 오류가 발생하였습니다."
"An error occurred while saving review.","리뷰 저장중 오류가 발생하였습니다."
"An error occurred while saving the customer.","고객정보 저장중 오류가 발생하였습니다."
"An error occurred while saving this configuration:","설정변경중 오류가 발생하였습니다:"
"An error occurred while saving this role.","권한수정중 오류가 발생하였습니다."
"An error occurred while saving this template.","템플릿 수정중 오류가 발생하였습니다."
"An error occurred while updating the selected review(s).","선택 리뷰를 저장중 오류가 발생하였습니다."
"Any","Any"
"Any Attribute Set","Any Attribute Set"
"Any Group","Any Group"
"Any Status","Any Status"
"Any Store","Any Store"
"Any Type","Any Type"
"Any Visibility","Any Visibility"
"Any data created since the backup was made will be lost including admin users, customers and orders.","Any data created since the backup was made will be lost including admin users, customers and orders."
"Archive file name:","압축파일명:"
"Are you sure that you want to delete this template?","정말 이 템플릿을 삭제하시겠습니까?"
"Are you sure that you want to strip tags?","이 태그를 정말 삭제하시겠습니까?"
"Are you sure you want to do this?","이 작업을 수행 하시겠습니까?"
"Are you sure you want to proceed?","더 진행하시겠습니까?"
"Area","지역"
"As low as:","As low as:"
"Assigned","연관된"
"Associated Tags","연관 테그"
"Attribute Set Name:","속성 그룹 명:"
"Attributes","속성"
"Authorization confirmed","Authorization confirmed"
"Authorize","Authorize"
"Authorize application","Authorize application"
"Authorized OAuth Tokens","Authorized OAuth Tokens"
"Automatic (equalize price ranges)","자동 (equalize price ranges)"
"Automatic (equalize product counts)","자동 (equalize product counts)"
"Average Order Amount","평균 주문 금액"
"Average Orders","평균 주문량"
"BINARY","바이너리"
"Back","Back"
"Back to Login","로그인 페이지로 가기"
"Backup","백업"
"Backup Name","백업명"
"Backup options","백업옵션"
"Backups","백업"
"Base currency","기본통화"
"Bcc","숨은 참조"
"Bestsellers","가장 많이 팔린 상품"
"Billing Address","대금 결제 주소"
"Billing Address: ","대금 결제 주소: "
"Billing Agreement","결제 계약"
"Billing Agreements","결제 계약"
"Block Information","블럭 정보"
"Both (without and with tax)","Both (without and with tax)"
"Both IPN and PDT","Both IPN and PDT"
"Browse Files...","Browse Files..."
"Bundle with dynamic pricing cannot include custom defined options. Options will not be saved.","Bundle with dynamic pricing cannot include custom defined options. Options will not be saved."
"CMS","CMS"
"CRITICAL","치명적"
"CSV","CSV"
"CSV / Tab separated","CSV / Tab separated"
"Cache Control","캐시 제어"
"Cache Control (beta)","캐시 제어 (베타)"
"Cache Management","캐시 관리"
"Cache Type","캐시 유형"
"Cancel","취소"
"Cannot add new comment.","신규 코펜트를 추가할 수 없습니다."
"Cannot add tracking number.","배송번호를 추가할 수 없습니다."
"Cannot create an invoice without products.","상품없이 주문서를 생성할 수 없습니다."
"Cannot create credit memo for the order.","결제 메모를 생성할 수 없습니다."
"Cannot delete the design change.","디자인 변경을 삭제할 수 없습니다."
"Cannot delete tracking number.","배송번호를 삭제할 수 없습니다."
"Cannot do shipment for the order separately from invoice.","Cannot do shipment for the order separately from invoice."
"Cannot do shipment for the order.","Cannot do shipment for the order."
"Cannot initialize shipment for adding tracking number.","Cannot initialize shipment for adding tracking number."
"Cannot initialize shipment for delete tracking number.","Cannot initialize shipment for delete tracking number."
"Cannot load track with retrieving identifier.","Cannot load track with retrieving identifier."
"Cannot retrieve tracking number detail.","Cannot retrieve tracking number detail."
"Cannot save shipment.","배송정보를 저장 할 수 없습니다."
"Cannot save the credit memo.","결제 메모를 저장할 수 없습니다."
"Cannot send shipment information.","배송정보를 전송 할 수 없습니다."
"Cannot update item quantity.","항목의 수량을 수정할 수 없습니다."
"Cannot update the item\'s quantity.","항목의 수량을 수정할 수 없습니다."
"Card Verification Number","카드 인증 번호"
"Catalog","카탈로그"
"Catalog Price Rules","카탈로그 가격 정책관리"
"Catalog Rewrites","카탈로그 재작성"
"Categories","카테고리"
"Category","카테고리"
"Category:","카테고리:"
"Chart is disabled. If you want to enable chart, click <a href=""%s"">here</a>.","차트를 사용할 수 없습니다. 차트를 사용하려면, <a href=""%s"">여기</a>를 클릭하세요."
"Checkbox","체크박스"
"Child Transactions","하위 트랜젝션"
"Choose Store View:","Store View 를 선택하세요:"
"Choose an attribute","속성을 선택하세요"
"Chosen category does not associated with any website, so url rewrite is not possible.","Chosen category does not associated with any website, so url rewrite is not possible."
"Chosen product does not associated with any website, so url rewrite is not possible.","Chosen product does not associated with any website, so url rewrite is not possible."
"Clear","지우기"
"Close","닫기"
"Code","코드"
"Comment text field cannot be empty.","Comment text field cannot be empty."
"Complete","완료"
"Config form fieldset clone model required to be able to clone fields","Config form fieldset clone model required to be able to clone fields"
"Configuration","구성"
"Confirm New Password","새 비밀번호 확인"
"Confirm token authorization Pop Up for admin","Confirm token authorization Pop Up for admin"
"Confirm token authorization for admin","Confirm token authorization for admin"
"Confirmation Of Authorization","Confirmation Of Authorization"
"Confirmed email:","확인 메일:"
"Connect with the Magento Community","마젠토 커뮤니티"
"Continue","계속"
"Convert to Plain Text","Convert to Plain Text"
"Cookie (unsafe)","Cookie (unsafe)"
"Country","Country"
"Country:","Country:"
"Coupons","Coupons"
"Create","Create"
"Create DB Backup","DataBase 백업생성"
"Create New Attribute","새로운 속성 생성"
"Create URL Rewrite:","Create URL Rewrite:"
"Created At","Created At"
"Credit Card %s","신용카드 %s"
"Credit Card Number","신용카드번호"
"Credit Card Number: xxxx-%s","신용카드번호: xxxx-%s"
"Credit Card Type","신용카드종류"
"Credit Card Type: %s","용카드종류: %s"
"Credit Memo History","결제 메모 이력"
"Credit Memo Totals","총 결제 메모"
"Credit Memos","결제 메모 관리"
"Credit memo #%s comment added","결제메모에 #%s 이 추가되었습니다."
"Credit memo #%s created","결제메모에 #%s 이 생성되었습니다."
"Credit memo\'s total must be positive.","결제메모의 총 합은 양수(0포함한)만 가능합니다."
"Currency","통화"
"Currency ""%s"" is used as %s in %s.","Currency ""%s"" is used as %s in %s."
"Currency Information","통화 정보"
"Currency Setup Section","통화 설정 항목"
"Current Configuration Scope:","현재 설정 범위:"
"Current Month","이 달"
"Custom","Custom"
"Custom Variable ""%s""","사용자 속성 ""%s"""
"Custom Variables","사용자 변수"
"Customer","고객"
"Customer Group:","고객 그룹:"
"Customer Groups","고객 그룹 관리"
"Customer Name","고객명"
"Customer Reviews","고객 리뷰"
"Customer Shopping Carts","고객 장바구니"
"Customer Since:","가입일:"
"Customer Tax Classes","사용자 등록 세금클래스 관리"
"Customer with the same email already exists.","동일한 사용자 이메일이 있습니다."
"Customers","고객"
"Customers by Number of Orders","고객당 주문수"
"Customers by Orders Total","고객당 총 주문"
"DHTML Date/Time Selector","DHTML Date/Time Selector"
"Dashboard","통합정보"
"Data Format","날짜 형식"
"Data transfer:","Data transfer:"
"Database","데이터베이스"
"Dataflow - Advanced Profiles","Dataflow - Advanced Profiles"
"Dataflow - Profiles","Dataflow - Profiles"
"Date","Date"
"Date & Time","날짜 & 시간"
"Date Added","Date Added"
"Date Updated","Date Updated"
"Date selection:","Date selection:"
"Date selector","Date selector"
"Day","Day"
"Decimal separator:","Decimal separator:"
"Default (Admin) Values","기본 (관리자) 값"
"Default Billing Address","기본 결제 주소"
"Default Config","기본 설정"
"Default Template from Locale","지역 기본 템플릿"
"Default Values","기본값"
"Default display currency ""%s"" is not available in allowed currencies.","Default display currency ""%s"" is not available in allowed currencies."
"Default scope","기본 영역"
"Delete","삭제"
"Delete %s","삭제 %s"
"Delete %s '%s'","삭제 %s '%s'"
"Delete File","파일 삭제"
"Delete Image","이미지 삭제"
"Delete Profile","프로파일 삭제"
"Delete Role","역할 삭제"
"Delete Store","상점 삭제"
"Delete Store View","Store View 삭제"
"Delete Template","템플릿 삭제"
"Delete User","사용자 삭제"
"Delete Website","웹사이트 삭제"
"Description","상세 설명"
"Design","디자인"
"Design Section","디자인 영역"
"Details","세부사항"
"Developer Section","개발자 영역"
"Direction:","Direction:"
"Disable","비활성"
"Disabled","비활성화"
"Display %s first","처음 노출 %s"
"Display default currency","기본 통화 노출"
"Distributed under GNU LGPL. See %s for details.","Distributed under GNU LGPL. See %s for details."
"Do you really want to KILL parallel process and start new indexing process?","Do you really want to KILL parallel process and start new indexing process?"
"Do you really want to proceed?","정말 진행하시겠습니까?"
"Download","다운로드"
"Downloads","다운로드"
"Drag to move","Drag to move"
"Drop-down","Drop-down"
"Edit","수정"
"Edit Design Change","디자인 변경 수정"
"Edit Email Template","이메일 템플릿 수정"
"Edit Order","주문 수정"
"Edit Poll","설문 조사 수정"
"Edit Queue","Edit Queue"
"Edit Review","리뷰 수정"
"Edit Role","역할 수정"
"Edit Store View","Edit Store View"
"Edit System Template","Edit System Template"
"Edit Template","템플릿 수정"
"Edit URL Rewrite","Edit URL Rewrite"
"Edit User","사용자 수정"
"Edit User '%s'","Edit User '%s'"
"Edit Website","웹사이트 수정"
"Email","Email"
"Email Address:","이메일 주소:"
"Email Preview","이메일 미리보기"
"Email to a Friend","친구에게 메일 공유"
"Email:","이메일:"
"Enable","활성"
"Enabled","활성화"
"Enclose Values In:","Enclose Values In:"
"Entity Attributes","Entity Attributes"
"Entity Type","Entity Type"
"Entity type:","Entity type:"
"Error","에러"
"Excel XML","Excel XML"
"Excl. Tax","Excl. Tax"
"Exclude media folder from backup","Exclude media folder from backup"
"Expiration Date","Expiration Date"
"Expiration Date: %s/%s","Expiration Date: %s/%s"
"Export","내보니기"
"Export CSV","CSV로 내보니기"
"Export Filters","Export Filters"
"Export to:","다음으로 내보내기:"
"Export:","내보내기:"
"FTP Host","FTP Host"
"FTP Host[:Port]","FTP Host[:Port]"
"FTP Login","FTP Login"
"FTP Password","FTP Password"
"FTP credentials","FTP credentials"
"Failed","Failed"
"Failed to add a product to cart by id ""%s"".","Failed to add a product to cart by id ""%s""."
"Failed to cancel the billing agreement.","Failed to cancel the billing agreement."
"Failed to clear the JavaScript/CSS cache.","Failed to clear the JavaScript/CSS cache."
"Failed to delete the billing agreement.","Failed to delete the billing agreement."
"Failed to update the profile.","Failed to update the profile."
"Field","Field"
"Field Mapping","Field Mapping"
"File","파일"
"File Information","파일 정보"
"File System","파일 시스템"
"File mode","File mode"
"File name:","파일명:"
"File size should be more than 0 bytes","0바이트 이상의 파일을 입력 하세요."
"Finished profile execution.","프로파일 실행이 종료되었습니다."
"First Invoice Created Date","첫 주문서 생성일"
"First Name","이름"
"First Name is required field.","이름은 필수값 입니다."
"First Name:","이름:"
"Fixed","Fixed"
"Flush Catalog Images Cache","상품 이미지 캐시 삭제"
"Flush JavaScript/CSS Cache","JavaScript/CSS 캐시 삭제"
"For category","For category"
"For latest version visit: %s","For latest version visit: %s"
"For product","For product"
"Forgot Admin Password","관리자 비밀번호 재발급"
"Forgot your password?","비밀번호 재발급"
"Forgot your user name or password?","사용자 ID나 비밀번호를 재발급 하시겠습니까?"
"From","From"
"GLOBAL","GLOBAL"
"Gb","Gb"
"General Information","기본 정보"
"General Section","기본 영역"
"Get Image Base64","Base64 이미지 가져오기"
"Get help for this page","현재 페이지 도움말 보기"
"Give the verifier code to application administrator","Give the verifier code to application administrator"
"Global Attribute","Global Attribute"
"Global Record Search","Global Record Search"
"Global Search","Global Search"
"Go Today","오늘로 가기"
"Go to messages inbox","메시지 수신함으로 이동"
"Go to notifications","알림 이동 "
"Google Base","Google Base"
"Google Content","구글 컨텐츠"
"Google Sitemaps","구글 사이트맵"
"Grand Total","총 합계"
"Grid (default) / List","(기본) 그리드 / 리스트"
"Grid Only","그리드 전용"
"Group:","그룹:"
"Guest","손님"
"HTTP (unsecure)","HTTP (unsecure)"
"HTTPS (SSL)","HTTPS (SSL)"
"Help Us Keep Magento Healthy - Report All Bugs","마젠토를 사용자들을 위하여 모든 문제점을 알려주세요."
"Helper attributes should not be used in custom layout updates.","Helper attributes should not be used in custom layout updates."
"Helper for options rendering doesn't implement required interface.","Helper for options rendering doesn't implement required interface."
"Home","홈"
"ID","ID"
"ID Path","ID Path"
"IP Address","IP Address"
"IPN (Instant Payment Notification) Only","IPN (Instant Payment Notification) Only"
"Id","Id"
"If there is an account associated with %s you will receive an email with a link to reset your password.","If there is an account associated with %s you will receive an email with a link to reset your password."
"If this message persists, please contact the store owner.","If this message persists, please contact the store owner."
"If you do not specify an option value for a specific store view then the default (Admin) value will be used.","If you do not specify an option value for a specific store view then the default (Admin) value will be used."
"Images (.gif, .jpg, .png)","이미지 (.gif, .jpg, .png)"
"Images Cache","이미지 캐시"
"Import","가져오기"
"Import Service","Import Service"
"Import and Export","가져오기와 내보내기"
"Import and Export Tax Rates","Import and Export Tax Rates"
"Import/Export","가져오기/내보내기"
"Import/Export Advanced","가져오기/내보내기 Advanced"
"Import/Export Profile","프로파일 가져오기/내보내기"
"Important: ","중요: "
"Imported <strong>%s</strong> records","Imported <strong>%s</strong> 결과"
"In","In"
"In Database:","In Database:"
"In File:","In File:"
"Inactive","Inactive"
"Incl. Tax","Incl. Tax"
"Incoming Message","Incoming Message"
"Insert Variable...","Insert Variable..."
"Interactive","Interactive"
"Interface Locale: %s","지역선택 : %s"
"Invalid Form Key. Please refresh the page.","Invalid Form Key. Please refresh the page."
"Invalid Import Service Specified","Invalid Import Service Specified"
"Invalid POST data (please check post_max_size and upload_max_filesize settings in your php.ini file).","Invalid POST data (please check post_max_size and upload_max_filesize settings in your php.ini file)."
"Invalid Secret Key. Please refresh the page.","Invalid Secret Key. Please refresh the page."
"Invalid User Name or Password.","사용자명이나 비밀번호를 잘못 입력하셨습니다."
"Invalid directory: %s","Invalid directory: %s"
"Invalid email address ""%s"".","""%s""은 잘못된 이메일 주소 입니다."
"Invalid email address.","잘못된 이메일 주소 입니다."
"Invalid file: %s","Invalid file: %s"
"Invalid input data for %s => %s rate","Invalid input data for %s => %s rate"
"Invalid parent block for this block","Invalid parent block for this block"
"Invalid parent block for this block.","Invalid parent block for this block."
"Invalid password reset token.","Invalid password reset token."
"Invalid sender name ""%s"". Please use only visible characters and spaces.","Invalid sender name ""%s"". Please use only visible characters and spaces."
"Invalid timezone","Invalid timezone"
"Invalidated","Invalidated"
"Inventory Stock Status","Inventory Stock Status"
"Invoice #%s comment added","주문서 #%s 댓글 추가"
"Invoice #%s created","주문서 #%s 가 생성"
"Invoice History","주문서 이력"
"Invoice Totals","주문서 총합"
"Invoice canceling error.","Invoice canceling error."
"Invoice capturing error.","Invoice capturing error."
"Invoice voiding error.","Invoice voiding error."
"Invoices","주문서"
"Is Closed","Is Closed"
"Is Default","Is Default"
"Issue Number","이슈 번호"
"Items","Items"
"JavaScript seems to be disabled in your browser.","JavaScript seems to be disabled in your browser."
"JavaScript/CSS","JavaScript/CSS"
"JavaScript/CSS Cache","JavaScript/CSS Cache"
"Kb","Kb"
"Last 24 Hours","최근 24 시간"
"Last 5 Orders","최근 5 주문"
"Last 5 Search Terms","최근 5 검색 조건"
"Last 7 Days","최근 7 일"
"Last Credit Memo Created Date","Last Credit Memo Created Date"
"Last Invoice Created Date","Last Invoice Created Date"
"Last Logged In (%s):","Last Logged In (%s):"
"Last Logged In:","Last Logged In:"
"Last Name","성"
"Last Name is required field.","Last Name is required field."
"Last Name:","성:"
"Last updated: %s. To refresh last day\'s <a href=""%s"">statistics</a>, click <a href=""%s"">here</a>.","Last updated: %s. To refresh last day\'s <a href=""%s"">statistics</a>, click <a href=""%s"">here</a>."
"Latest Message:","최신 메시지:"
"Layered Navigation Indices","Layered Navigation Indices"
"Layered Navigation Indices were refreshed.","Layered Navigation Indices were refreshed."
"Leave empty to use tax identifier","Leave empty to use tax identifier"
"Lifetime Sales","Lifetime Sales"
"Lifetime statistics have been updated.","Lifetime statistics have been updated."
"Links","Links"
"Links with associated products will retain only after saving current product.","Links with associated products will retain only after saving current product."
"List (default) / Grid","List (default) / Grid"
"List Only","List Only"
"Load Template","Load Template"
"Load default template","Load default template"
"Loading...","로딩..."
"Local Server","Local Server"
"Local/Remote Server","Local/Remote Server"
"Locale","Locale"
"Log In","Log In"
"Log Out","로그아웃"
"Log in to Admin Panel","어드민 페이지에 오신것을 환영 합니다."
"Log in to use <strong>%s</strong>","Log in to use <strong>%s</strong>"
"Log into Magento Admin Page","Log into Magento Admin Page"
"Logged in as %s","%s님 반갑습니다."
"Login","로그인"
"Low Stock","Low Stock"
"MAJOR","MAJOR"
"MINOR","MINOR"
"MS Excel XML","MS Excel XML"
"Magento Admin","마젠토 관리자"
"Magento Commerce - Administrative Panel","Magento Commerce - Administrative Panel"
"Magento Connect","마젠토 커넥트"
"Magento Connect Manager","마젠토 커넥트 매니저"
"Magento Logo","마젠토 로고"
"Magento is a trademark of Magento Inc. Copyright &copy; %s Magento Inc.","Magento is a trademark of Magento Inc. Copyright &copy; %s Magento Inc."
"Magento root directory","마젠토 최상위 디렉터리"
"Magento ver. %s","마젠토 버전. %s"
"Magento&trade; is a trademark of Magento Inc.<br/>Copyright &copy; %s Magento Inc.","Magento&trade; is a trademark of Magento Inc.<br/>Copyright &copy; %s Magento Inc."
"Make sure that data encoding in the file is consistent and saved in one of supported encodings (UTF-8 or ANSI).","Make sure that data encoding in the file is consistent and saved in one of supported encodings (UTF-8 or ANSI)."
"Manage Attribute Sets","속성그룹 관리"
"Manage Attributes","속성 관리"
"Manage Categories","카테고리 관리"
"Manage Content","Manage Content"
"Manage Currency Rates","Manage Currency Rates"
"Manage Currency Symbols","Manage Currency Symbols"
"Manage Customers","고객 관리"
"Manage Options (values of your attribute)","Manage Options (values of your attribute)"
"Manage Ratings","Manage Ratings"
"Manage Stores","상점 관리"
"Manage Tax Rules","세금정책 관리"
"Manage Tax Zones and Rates","Manage Tax Zones and Rates"
"Manage Titles (Size, Color, etc.)","Manage Titles (Size, Color, etc.)"
"Manual","매뉴얼"
"Matched Expression","Matched Expression"
"Maximum sender name length is 255. Please correct your settings.","Maximum sender name length is 255. Please correct your settings."
"Mb","Mb"
"Media (.avi, .flv, .swf)","Media (.avi, .flv, .swf)"
"Media storages synchronization has completed!","Media storages synchronization has completed!"
"Messages Inbox","Messages Inbox"
"Month","월별"
"Most Viewed","가장 많이 본"
"Most Viewed Products","가장 많이 본 상품"
"Multiple Select","다중선택"
"My Account","내 계정"
"My Applications","내 어플리케이션"
"N/A","N/A"
"NOTICE","공지"
"Name","이름"
"Name on Card","카드의 이름"
"Name on the Card: %s","카드의 이름: %s"
"Name:","이름:"
"Never (production)","Never (production)"
"New ","신규 "
"New API Key","신규 API 키"
"New Accounts","신규 고객"
"New Attribute","신규 속성"
"New Block","신규 블럭"
"New Category","신규 카테고리"
"New Class","신규 Class"
"New Condition","신규 Condition"
"New Custom Variable","신규 사용자 값"
"New Customer","신규고객"
"New Customers","신규고객 관리"
"New Design Change","신규 디자인 변경"
"New Email Template","신규 이메일 템플릿"
"New Group","새로운 그룹"
"New Invoice","신규 주문서"
"New Item Type","신규 품목 타입"
"New Memo","신규 메모"
"New Memo for #%s","신규 메모 #%s"
"New Page","새로운 페이지"
"New Password","새로운 비밀번호"
"New Poll","신규 설문조사"
"New Profile","신규 프로파일"
"New Rate","신규 비율"
"New Rating","신규 평가"
"New Review","신규 리뷰"
"New Role","신규 역할"
"New Rule","신규 정책"
"New Search","신규 검색"
"New Set","신규 셋"
"New Shipment","신규 배송"
"New Sitemap","신규 사이트맵"
"New Store View","신규 사이트뷰"
"New System Template","신규 시스템 템플릿"
"New Tag","신규 테그"
"New Template","신규 텝플릿"
"New User","신규 사용자"
"New Variable","신규 값"
"New Website","신규 사이트"
"New attribute set mapping","신규 속성 그룹 매핑"
"New password field cannot be empty.","새로운 비밀번호를 입력하시기 바랍니다."
"Newsletter","뉴스레터"
"Newsletter Problems","뉴스레터 문제"
"Newsletter Queue","뉴스레터 큐"
"Newsletter Subscribers","뉴스레터 구독"
"Newsletter Templates","뉴스레터 템플릿"
"Next month (hold for menu)",다음 달 (hold for menu)"
"Next year (hold for menu)","다음 년 (hold for menu)"
"No","아니오"
"No (price without tax)","아니오 (세금 제외 가격)"
"No Data","데이터가 없습니다."
"No Data Found","데이터가 없습니다."
"No Templates Found","템플릿을 찾을 수 없습니다."
"No change","No change"
"No customer id defined.","고객 ID가 정의되지 않았습니다."
"No information available.","No information available."
"No profile loaded...","프로파일이 로드되지 않았습니다..."
"No records found for this period.","이 기간동안 검색결과가 없습니다."
"No records found.","검색결과가 없습니다.."
"No report code specified.","리포트 코드가 지정되지 않았습니다."
"No search keywords.","검색어가 없습니다."
"No search modules were registered","검색모듈이 등록되지 않았습니다."
"No wishlist item id defined.","찜목록 상품 아이디가 정의되지 않았습니다."
"None","None"
"Note:","노트:"
"Notes","노트"
"Notifications","알림"
"Number of Orders","주문 수량"
"Number of Uses","사용자수"
"Number of Views","노출수"
"Number of records:","결과 수:"
"OAuth Consumers","OAuth 고객"
"OAuth authorization for admin","관리자 OAuth 권한"
"OAuth authorization simple for admin","관리자 OAuth authorization simple for admin"
"OK","확인"
"Old rate:","이전 평가:"
"Once you log into your PayPal Advanced account, navigate to the Service Settings - Hosted Checkout Pages - Set Up menu and set the options described below","Once you log into your PayPal Advanced account, navigate to the Service Settings - Hosted Checkout Pages - Set Up menu and set the options described below"
"Once you log into your PayPal Payflow Link account, navigate to the Service Settings - Hosted Checkout Pages - Set Up menu and set the options described below","Once you log into your PayPal Payflow Link account, navigate to the Service Settings - Hosted Checkout Pages - Set Up menu and set the options described below"
"One or more media files failed to be synchronized during the media storages syncronization process. Refer to the log file for details.","One or more media files failed to be synchronized during the media storages syncronization process. Refer to the log file for details."
"One or more of the Cache Types are invalidated:","One or more of the Cache Types are invalidated:"
"Online Customers","온라인 고객 관리"
"Only Once (version upgrade)","Only Once (version upgrade)"
"Only attributes with scope ""Global"", input type ""Dropdown"" and Use To Create Configurable Product ""Yes"" are available.","Only attributes with scope ""Global"", input type ""Dropdown"" and Use To Create Configurable Product ""Yes"" are available."
"Only mapped fields","Only mapped fields"
"Optional","부가적인"
"Options","옵션"
"Options is required","필수 옵션입니다"
"Order","주문"
"Order #%s","주문 #%s"
"Order #%s (%s)","주문 #%s (%s)"
"Order Created Date","주문 생성일"
"Order ID","주문 ID"
"Order Totals","주문 총합"
"Order Updated Date","주문 수정일"
"Order Updated Date report is real-time, does not need statistics refreshing.","주문 수정일은 실시간 반영됩니다. 통계정보를 갱신할 필요가 없습니다."
"Orders","주문"
"Original Magento attribute names in first row:","마젠토의 원본 속성명은 첫줄에 있습니다.:"
"Out of stock","품절"
"PDT (Payment Data Transfer) Only","PDT (Payment Data Transfer) Only"
"Package Extensions","Package Extensions"
"Pages","페이지"
"Parent Product Thumbnail","부모상품 섬네일"
"Parent Transaction ID","부모 트랜젝션 ID"
"Passive mode","Passive mode"
"Password","비밀번호"
"Password Confirmation","비밀번호 확인"
"Password confirmation must be same as password.","비밀번호 확인과 비밀번호는 동일해야 합니다."
"Password must be at least of %d characters.","비밀번호는 %d자 이상이어야 합니다."
"Password must include both numeric and alphabetic characters.","비밀번호는 숫자와 알파벳이 포함되어야 합니다."
"Password:","비밀번호:"
"Path:","Path:"
"Payment method instance is not available.","Payment method instance is not available."
"Payment method is not available.","결제 방법이 존재하지 않습니다."
"Payment method must be specified.","결제 방법이 지정되어야 합니다."
"Pending Reviews","대기중 리뷰"
"Pending Tags","대기중 태그"
"Per Item","상품당"
"Per Order","주문당"
"Percent","퍼센트"
"Performed At","Performed At"
"Period","기간"
"Permanent (301)","Permanent (301)"
"Permissions","권한"
"Personal Information","개인 정보"
"Phone:","전화번호:"
"Please Select","선택해주세요"
"Please confirm site switching. All data that hasn\'t been saved will be lost.","Please confirm site switching. All data that hasn\'t been saved will be lost."
"Please enter 6 or more characters.","Please enter 6 or more characters."
"Please enter a number greater than 0 in this field.","Please enter a number greater than 0 in this field."
"Please enter a valid $ amount. For example $100.00.","Please enter a valid $ amount. For example $100.00."
"Please enter a valid URL. For example http://www.example.com or www.example.com","Please enter a valid URL. For example http://www.example.com or www.example.com"
"Please enter a valid URL. http:// is required","Please enter a valid URL. http:// is required"
"Please enter a valid credit card number.","Please enter a valid credit card number."
"Please enter a valid date.","Please enter a valid date."
"Please enter a valid email address. For example johndoe@domain.com.","정확한 이메일 주소를 입력하세요. 예) johndoe@domain.com"
"Please enter a valid email.","Please enter a valid email."
"Please enter a valid number in this field.","Please enter a valid number in this field."
"Please enter a valid phone number. For example (123) 456-7890 or 123-456-7890.","Please enter a valid phone number. For example (123) 456-7890 or 123-456-7890."
"Please enter a valid social security number. For example 123-45-6789.","Please enter a valid social security number. For example 123-45-6789."
"Please enter a valid value from list","Please enter a valid value from list"
"Please enter a valid value, ex: 10,20,30","Please enter a valid value, ex: 10,20,30"
"Please enter a valid zip code.","Please enter a valid zip code."
"Please enter a valid zip code. For example 90602 or 90602-1234.","Please enter a valid zip code. For example 90602 or 90602-1234."
"Please enter another credit card number to complete your purchase.","Please enter another credit card number to complete your purchase."
"Please enter password","Please enter password"
"Please enter password to confirm rollback.","Please enter password to confirm rollback."
"Please enter valid password.","Please enter valid password."
"Please make sure that all global admin search modules are installed and activated.","Please make sure that all global admin search modules are installed and activated."
"Please make sure that your changes were saved before running the profile.","Please make sure that your changes were saved before running the profile."
"Please make sure your passwords match.","동일한 비밀번호를 입력해주세요."
"Please select State/Province.","Please select State/Province."
"Please select a customer.","고객을 선택해주세요."
"Please select a store.","상점을 선택해주세요."
"Please select an option.","옵션을 선택해주세요."
"Please select catalog searches.","catalog searches를 선택해주세요."
"Please select customer(s).","고객을 선택해주세요."
"Please select message(s).","메시지를 선택해주세요."
"Please select one of the above options.","하나이상의 옵션을 선택해주세요."
"Please select one of the options.","옵션중의 하나를 선택해주세요."
"Please select review(s).","리뷰(s)를 선택하세요."
"Please select tag(s).","tag(s)를 선택하세요."
"Please specify backup creation options","배업 생성 옵션을 지정하시기 바랍니다."
"Please specify the admin custom URL.","Please specify the admin custom URL."
"Please try to logout and sign in again.","로그오프후 재 가입 바랍니다."
"Please type the letters from the image:","이미지의 글자를 입력하시기 바랍니다:"
"Please use in this field only ""a-z,0-9,_"".","이 칸은 ""a-z,0-9,_"" 만 사용가능합니다."
"Please use letters only (a-z) in this field.","Please use letters only (a-z) in this field."
"Please use numbers only in this field. Please avoid spaces or other characters such as dots or commas.","Please use numbers only in this field. Please avoid spaces or other characters such as dots or commas."
"Please use only letters (a-z or A-Z), numbers (0-9) or spaces in this field.","Please use only letters (a-z or A-Z), numbers (0-9) or spaces in this field."
"Please use only letters (a-z) or numbers (0-9) only in this field. No spaces or other characters are allowed.","Please use only letters (a-z) or numbers (0-9) only in this field. No spaces or other characters are allowed."
"Please use only letters (a-z) or numbers (0-9) or spaces and # only in this field.","Please use only letters (a-z) or numbers (0-9) or spaces and # only in this field."
"Please use this date format: dd/mm/yyyy. For example 17/03/2006 for the 17th of March, 2006.","Please use this date format: dd/mm/yyyy. For example 17/03/2006 for the 17th of March, 2006."
"Please wait while the indexes are being refreshed.","Please wait while the indexes are being refreshed."
"Please wait, loading...","로딩중입니다"
"Please wait...","기다려 주시기 바랍니다..."
"Please, add some answers to this poll first.","Please, add some answers to this poll first."
"Please, select ""Visible in Stores"" for this poll first.","Please, select ""Visible in Stores"" for this poll first."
"Poll Manager","설문조사 관리"
"Polls","설문조사"
"Popular","인기있는"
"Position","위치"
"Position of Watermark for %s","워터마크의 위치 %s"
"Pregenerated product images files.","상품 이미지 파일 재생성"
"Prev. month (hold for menu)","이전 월. (hold for menu)"
"Prev. year (hold for menu)","이전 년. (hold for menu)"
"Preview","미리보기"
"Preview Template","템플릿 미리보기"
"Price","가격"
"Price alert subscription was saved.","가격경보 구독이 저장되었습니다."
"Price:","가격:"
"Processed <strong>%s%% %s/%d</strong> records","진행중 <strong>%s%% %s/%d</strong> 결과"
"Product","상품"
"Product Name","상품명"
"Product Reviews","상품 리뷰 관리"
"Product Tax Classes","상품 세금 Classes"
"Product Thumbnail Itself","Product Thumbnail Itself"
"Product is not loaded.","상품이 로딩되지 않았습니다."
"Product:","Product:"
"Products","Products"
"Products Bestsellers Report","가장 많이 팔린 상품 리포트"
"Products Most Viewed Report","가장 많이 본 상품 리포트"
"Products Ordered","주문상품"
"Products in Carts","장바구니 상품"
"Profile Action","프로파일 Action"
"Profile Actions XML","Profile Actions XML"
"Profile Direction","프로파일 디렉토리"
"Profile History","프로파일 이력"
"Profile Information","프로파일 정보"
"Profile Name","프로파일명"
"Profile Payments","프로파일 결제"
"Profile Schedule","프로파일 스케쥴"
"Profile Wizard","프로파일 마법사"
"Profiles","프로파일"
"Promo","Promo"
"Promotions","프로모션"
"Purchased Item","구매한 상품"
"Put store on the maintenance mode while backup creation","Put store on the maintenance mode while backup creation"
"Put store on the maintenance mode while rollback processing","Put store on the maintenance mode while rollback processing"
"Quantity","수량"
"Queue Refresh","큐 갱신"
"Queued... Cancel","큐... 취소"
"REST Roles","REST Roles"
"Radio Buttons","Radio Buttons"
"Rates","평가"
"Read details","상세 읽기"
"Rebuild","재생성"
"Rebuild Catalog Index","상품정보 갱신"
"Rebuild Flat Catalog Category","미변동 카테고리 갱신"
"Rebuild Flat Catalog Product","미변동 상품 갱신"
"Recent Orders","최근 주문"
"Recent statistics have been updated.","최근 통계정보가 갱신되었습니다."
"Recurring Profile View","Recurring Profile View"
"Recursive Dir","Recursive Dir"
"Redirect","Redirect"
"Reference","Reference"
"Reference ID","Reference ID"
"Refresh","갱신"
"Refresh Now*","지금갱신*"
"Refresh Statistics","통계정보 갱신"
"Region/State","Region/State"
"Regular Price:","일반 가격:"
"Reject","거부"
"Reject token authorization Pop Up for admin","Reject token authorization Pop Up for admin"
"Reject token authorization for admin","Reject token authorization for admin"
"Rejection Of Authorization","Rejection Of Authorization"
"Release","릴리즈"
"Release Stability","안전버젼 릴리즈"
"Release Version","릴리즈 버젼"
"Reload captcha","캡챠 갱신"
"Remote FTP","원격 FTP"
"Remove","삭제"
"Reports","보고서"
"Request Path","Request Path"
"Required","필수"
"Reset","초기화"
"Reset Filter","검색 초기화"
"Reset Password","비밀번호 초기화"
"Reset a Password","비밀번호 초기화"
"Resize","Resize"
"Resource Access","Resource Access"
"Resources","리소스"
"Results","결과"
"Retrieve Password","비밀번호 재발급 받기"
"Return Html Version","Return Html Version"
"Revenue","매출"
"Reviews","리뷰"
"Reviews and Ratings","리뷰와 평점"
"Rewrite Rules","Rewrite Rules"
"Role ID","역할 ID"
"Role Info","역할 정보"
"Role Information","역할 정보"
"Role Name","역할명"
"Role Resources","역할 리소스"
"Role Users","역할 사용자"
"Roles","역할"
"Roles Resources","역할 리소스"
"Root Category","최상위 카테고리"
"Rotate CCW","시계 반대 방향으로 회전"
"Rotate CW","시계 방향으로 회전"
"Run","실행"
"Run Profile","프로파일 실행"
"Run Profile Inside This Window","이창에서 프로파일 실행"
"Run Profile in Popup","팝업에서 프로파일 실행"
"Running... Kill","실행중... 강제종료"
"SKU","재고관리번호"
"SKU:","재고관리번호:"
"SSL Error: Invalid or self-signed certificate","SSL Error: 인증정보가 유효하지 않습니다."
"Sales","판매"
"Sales Report","매출 보고서"
"Samples","샘플"
"Save","저장"
"Save & Generate","저장 후 생성"
"Save Account","계정 저장"
"Save Cache Settings","캐쉬 설정 저장"
"Save Config","설정 저장"
"Save Currency Rates","통화 비율 저장"
"Save Profile","프로파일 저장"
"Save Role","역할 저장"
"Save Template","템플릿 저장"
"Save User","사용자 저장"
"Save and Continue Edit","저장하고 계속 편집하기"
"Search","검색"
"Search Index","검색 인덱스"
"Search Term","검색어"
"Search Terms","검색어"
"Select","선택"
"Select All","전체 선택"
"Select Category","카테고리 선택"
"Select Date","날짜 선택"
"Select Range","범위 선택"
"Select date","날짜 선택"
"Selected allowed currency ""%s"" is not available in installed currencies.","Selected allowed currency ""%s"" is not available in installed currencies."
"Selected base currency is not available in installed currencies.","Selected base currency is not available in installed currencies."
"Selected default display currency is not available in allowed currencies.","Selected default display currency is not available in allowed currencies."
"Selected default display currency is not available in installed currencies.","Selected default display currency is not available in installed currencies."
"Self-assigned roles cannot be deleted.","Self-assigned roles cannot be deleted."
"Sender","Sender"
"Separate Email","Separate Email"
"Shipment #%s comment added","Shipment #%s comment added"
"Shipment #%s created","Shipment #%s created"
"Shipment Comments","배송메시지 관리"
"Shipment History","배송추적"
"Shipments","출하량"
"Shipping","배송"
"Shipping Address","배송 주소"
"Shipping Address: ","배송 주소: "
"Shipping Origin","배송지"
"Shipping Price","배송비"
"Shipping address selection is not applicable","Shipping address selection is not applicable"
"Shipping method must be specified.","Shipping method must be specified."
"Shipping method selection is not applicable","Shipping method selection is not applicable"
"Shopping Cart","장바구니"
"Shopping Cart Price Rules","장바구니 가격정책"
"Shopping Cart from %s","Shopping Cart from %s"
"Show By","Show By"
"Show Report For:","Show Report For:"
"Show Reviews","리뷰 보기"
"Sitemap Information","사이트맵 정보"
"Size for %s","Size for %s"
"Skip Category Selection","Skip Category Selection"
"Some items in this order have different invoice and shipment types. You can create shipment only after the invoice is created.","Some items in this order have different invoice and shipment types. You can create shipment only after the invoice is created."
"Some of the ordered items do not exist in the catalog anymore and will be removed if you try to edit the order.","Some of the ordered items do not exist in the catalog anymore and will be removed if you try to edit the order."
"Sorry, this feature is coming soon...","Sorry, this feature is coming soon..."
"Special Price:","특별가:"
"Specific Countries","Specific Countries"
"Specified","Specified"
"Specified profile does not exist.","Specified profile does not exist."
"Spreadsheet Name:","Spreadsheet Name:"
"Start Date","Start Date"
"Starting profile execution, please wait...","Starting profile execution, please wait..."
"State/Province:","State/Province:"
"Static Blocks","고정 블럭"
"Status","상태"
"Status:","상태:"
"Stock Quantity:","재고 수량:"
"Stock notification was saved.","재고 공지가 저장되었습니다."
"Store","상점"
"Store Email Addresses Section","Store Email Addresses Section"
"Store View","상점 뷰"
"Store:","상점:"
"Stores","상점"
"Subject","주제"
"Submit","전송"
"Subpackage cannot be conflicting.","Subpackage cannot be conflicting."
"Subtotal","소계"
"Switch/Solo card issue number: %s","Switch/Solo card issue number: %s"
"Switch/Solo card start Date: %s/%s","Switch/Solo card start Date: %s/%s"
"Switch/Solo/Maestro Only","Switch/Solo/Maestro Only"
"Switch/Solo/Maestro(UK Domestic) Only","Switch/Solo/Maestro(UK Domestic) Only"
"Switch/Solo/Maestro(UK Domestic) card issue number: %s","Switch/Solo/Maestro(UK Domestic) card issue number: %s"
"Switch/Solo/Maestro(UK Domestic) card start Date: %s/%s","Switch/Solo/Maestro(UK Domestic) card start Date: %s/%s"
"Symbol","문자"
"Synchronization is required.","동기화가 필요합니다."
"Synchronization of media storages has been successfully completed.","Synchronization of media storages has been successfully completed."
"Synchronize","동기화"
"Synchronizing %s to %s","동기화 %s 에서 %s"
"Synchronizing...","동기화..."
"System","시스템"
"System Section","시스템 영역"
"System busy","시스템이 바쁩니다"
"Tags","테그"
"Target Path","Target Path"
"Tax","세금"
"Tb","Tb"
"Template","템플릿"
"Template Content","템플릿 내용"
"Template Information","템플릿 정보"
"Template Name","템플릿 명"
"Template Styles","템플릿 스타일"
"Template Subject","템플릿 주제"
"Template Type","Template Type"
"Temporary (302)","Temporary (302)"
"Terms and Conditions","이용약관"
"Text","텍스트"
"The Catalog Rewrites were refreshed.","The Catalog Rewrites were refreshed."
"The CatalogInventory Stock Status has been rebuilt.","The CatalogInventory Stock Status has been rebuilt."
"The Comment Text field cannot be empty.","The Comment Text field cannot be empty."
"The Flat Catalog Product was rebuilt","The Flat Catalog Product was rebuilt"
"The JavaScript/CSS cache has been cleaned.","JavaScript/CSS 캐시가 비워졌습니다."
"The JavaScript/CSS cache has been cleared.","JavaScript/CSS 캐시가 비워졌습니다."
"The Layered Navigation indexing has been queued.","The Layered Navigation indexing has been queued."
"The Layered Navigation indexing queue has been canceled.","The Layered Navigation indexing queue has been canceled."
"The Layered Navigation indices were refreshed.","The Layered Navigation indices were refreshed."
"The Layered Navigation process has been queued to be killed.","The Layered Navigation process has been queued to be killed."
"The Magento cache storage has been flushed.","마젠토 캐쉬 저장소가 비워졌습니다."
"The URL Rewrite has been deleted.","URL Rewrite가 삭제되었습니다."
"The URL Rewrite has been saved.","URL Rewrite가 저장되었습니다."
"The account has been saved.","계정정보가 저장되었습니다."
"The archive can be uncompressed with <a href=""%s"">%s</a> on Windows systems","The archive can be uncompressed with <a href=""%s"">%s</a> on Windows systems"
"The attribute set has been removed.","속성그룹이 제거되었습니다."
"The backup's creation process will take time.","백업을 생성하는 시간은 오래 걸립니다."
"The billing agreement has been canceled.","결제 동의가 취소되었습니다."
"The billing agreement has been deleted.","결제 동의가 삭제되었습니다."
"The cache storage has been flushed.","캐쉬 저장소가 비워졌습니다."
"The carrier needs to be specified.","The carrier needs to be specified."
"The catalog index has been rebuilt.","catalog index가 재작성 되었습니다."
"The catalog rewrites have been refreshed.","catalog rewrites가 갱신되었습니다."
"The configuration has been saved.","구성정보가 저장되었습니다."
"The credit memo has been canceled.","결제 메모가 취소되었습니다."
"The credit memo has been created.","결제 메모가 생성되었습니다."
"The credit memo has been voided.","결제 메모가 무효되었습니다."
"The custom variable has been deleted.","사용자 변수가 삭제되었습니다."
"The custom variable has been saved.","사용자 변수가 저장되었습니다."
"The customer has been deleted.","고객정보가 삭제되었습니다."
"The customer has been saved.","고객정보가 저장되었습니다."
"The design change has been deleted.","디자인 변경이 삭제되었습니다."
"The design change has been saved.","디자인 변경이 저장되었습니다."
"The email address is empty.","이메일 주소가 공란입니다."
"The email template has been deleted.","이메일 템플릿이 삭제되었습니다."
"The email template has been saved.","이메일 템플릿이 저장되었습니다."
"The flat catalog category has been rebuilt.","The flat catalog category has been rebuilt."
"The group node name must be specified with field node name.","The group node name must be specified with field node name."
"The image cache was cleaned.","이미지 캐시가 비워졌습니다."
"The image cache was cleared.","이미지 캐시가 비워졌습니다."
"The invoice and shipment have been created.","The invoice and shipment have been created."
"The invoice and the shipment  have been created. The shipping label cannot be created at the moment.","The invoice and the shipment  have been created. The shipping label cannot be created at the moment."
"The invoice has been canceled.","주문서가 취소되었습니다."
"The invoice has been captured.","주문서가 캡춰되었습니다."
"The invoice has been created.","주문서가 생성되었습니다."
"The invoice has been voided.","주문서가 무효되었습니다."
"The invoice no longer exists.","주문서가 존재하지 않습니다."
"The item %s (SKU %s) does not exist in the catalog anymore.","The item %s (SKU %s) does not exist in the catalog anymore."
"The order does not allow creating an invoice.","The order does not allow creating an invoice."
"The order no longer exists.","The order no longer exists."
"The poll has been deleted.","The poll has been deleted."
"The poll has been saved.","The poll has been saved."
"The profile has been deleted.","프로파일이 삭제되었습니다."
"The profile has been saved.","프로파일이 저장되었습니다."
"The profile has been updated.","프로파일이 수정되었습니다."
"The profile has no changes.","프로파일이 변화가 없습니다."
"The profile you are trying to save no longer exists","저장하려는 프로파일이 존재하지 않습니다."
"The rating has been deleted.","평가가 삭제되었습니다."
"The rating has been saved.","평가가 저장되었습니다."
"The role has been deleted.","규칙이 삭제되었습니다."
"The role has been saved.","규칙이 저장되었습니다."
"The role has been successfully saved.","규칙이 성공적으로 저장되었습니다."
"The search index has been rebuilt.","search index가 재생성 되었습니다."
"The shipment has been created.","배송정보가 생성되었습니다."
"The shipment has been sent.","배송정보가 전송되었습니다."
"The shipping label has been created.","배송 라벨이 생성되었습니다."
"The tag has been deleted.","태그가 삭제되었습니다."
"The tag has been saved.","태그가 저장되었습니다."
"The transaction details have been updated.","거래 상세정보가 수정되었습니다."
"The user has been deleted.","사용자가 삭제되었습니다."
"The user has been saved.","사용자가 저장되었습니다."
"Themes JavaScript and CSS files combined to one file.","JavaScript/CSS파일들 단일파일로 통합"
"There is an error in one of the option rows.","하나 이상의 옵션정보에서 오류가 발생하였습니다."
"This Account is","이 계정정보 "
"This Email template no longer exists.","이 이메일 템플릿이 존재하지 않습니다."
"This Role no longer exists","이 규칙이 존재하지 않습니다."
"This Role no longer exists.","이 규칙이 존재하지 않습니다."
"This account is","이 계정정보 "
"This account is inactive.","계정 비활성상태"
"This action cannot be undone.","이 동작은 복원이 불가능 합니다."
"This attribute set does not have attributes which we can use for configurable product","속성그룹에 복합상품을 구성할 속성이 없습니다."
"This attribute shares the same value in all the stores","모든 상점에서 이 속성은 같은 값으로 공유 됩니다."
"This is a demo store. Any orders placed through this store will not be honored or fulfilled.","이 상점은 데모 상점입니다. 모든 주문은 배송되지 않습니다."
"This is a required field.","항목을 입력해주세요."
"This product is currently disabled.","이 상품은 현재 비활성 상태입니다."
"This report depends on timezone configuration. Once timezone is changed, the lifetime statistics need to be refreshed.","This report depends on timezone configuration. Once timezone is changed, the lifetime statistics need to be refreshed."
"This section is not allowed.","이 항목은 허용되지 않았습니다."
"This user no longer exists.","사용자가 존재하지 않습니다."
"Time","시간"
"Time selection:","시간 선택:"
"Time:","시간:"
"Timeout limit for response from synchronize process was reached.","Timeout limit for response from synchronize process was reached."
"To","To"
"To cancel pending authorizations and release amounts that have already been processed during this payment, click Cancel.","To cancel pending authorizations and release amounts that have already been processed during this payment, click Cancel."
"To use PayPal Payflow Link, you must configure your PayPal Payflow Link account on the PayPal website.","To use PayPal Payflow Link, you must configure your PayPal Payflow Link account on the PayPal website."
"To use PayPal Payments Advanced, you must configure  your PayPal Payments Advanced account on the PayPal website.","To use PayPal Payments Advanced, you must configure  your PayPal Payments Advanced account on the PayPal website."
"Toggle Editor","Toggle Editor"
"Tools","도구"
"Top 5 Search Terms","기간별 상위 5 검색"
"Total","합계"
"Total Invoiced","Total Invoiced"
"Total Order Amount","총 주문금액"
"Total Refunded","Total Refunded"
"Total of %d record(s) have been deleted.","총 %d 건이 삭제되었습니다."
"Total of %d record(s) have been updated.","총 %d 건이 수정되었습니다."
"Total of %d record(s) were canceled.","총 %d 건이 취소되었습니다."
"Total of %d record(s) were deleted","총 %d 건이 삭제되었습니다."
"Total of %d record(s) were deleted.","총 %d 건이 삭제되었습니다."
"Total of %d record(s) were updated","총 %d 건이 수정되었습니다."
"Total of %d record(s) were updated.","총 %d 건이 수정되었습니다."
"Track Order","Track Order"
"Track this shipment","이 배송을 추적"
"Tracking number %s for %s assigned","배송번호가 %s 에서 %s 로 지정되었습니다."
"Tracking number cannot be empty.","배송번호는 필수값 입니다.."
"Transaction Data","거래 정보"
"Transaction Details","거래 상세정보"
"Transaction ID","거래 ID"
"Transaction Type","거래 타입"
"Transactional Emails","이메일 발송"
"Transactions","거래"
"Try Magento Go for Free","마젠토 고를 무료로 이용하세요."
"Type","Type"
"Type:","Type:"
"URL Rewrite","URL Rewrite"
"URL Rewrite Information","URL Rewrite 정보"
"URL Rewrite Management","URL Rewrite 관리"
"Unable to cancel the credit memo.","결제 메모를 취소 할 수 없습니다."
"Unable to find a Email Template to delete.","삭제할 이메일 템플릿을 찾을 수 없습니다."
"Unable to find a poll to delete.","삭제할 설문조사를 찾을 수 없습니다."
"Unable to find a tag to delete.","삭제할 태그를 찾을 수 없습니다."
"Unable to find a user to delete.","삭제할 사용자를 찾을 수 없습니다."
"Unable to initialize import model","가져온 모델을 초기화 할 수 없습니다."
"Unable to refresh lifetime statistics.","전체 통계를 갱신할 수 없습니다."
"Unable to refresh recent statistics.","최근 통계를 갱신할 수 없습니다."
"Unable to save Cron expression","Cron 표현을 저장할 수 없습니다."
"Unable to save the cron expression.","Cron 표현을 저장할 수 없습니다."
"Unable to save the invoice.","주문서를 저장할 수 없습니다."
"Unable to send the invoice email.","주문서 이메일을 전송할 수 없습니다."
"Unable to send the shipment email.","배송정보 이메일을 전송할 수 없습니다."
"Unable to update transaction details.","거래 상세정보를 수정할 수 없습니다."
"Unable to void the credit memo.","결제 메모를 무효화 할 수 없습니다."
"Unknown","알수없음"
"Unlimited","무제한"
"Update","업데이트"
"Updated At","Updated At"
"Upload File","업로드 파일"
"Upload Files","업로드 파일"
"Upload HTTP Error","업로드 HTTP 에러"
"Upload I/O Error","업로드 I/O 에러"
"Upload Security Error","업로드 보안 에러"
"Upload import file","Upload import file"
"Uploaded file is larger than %.2f kilobytes allowed by server","업로드한 파일이 서버 허용량인 %.2f kb 보다 큽니다."
"Use All Available Attributes","모든 사용가능한 속성 사용"
"Use Config Settings","구성 설정 사용"
"Use Default","기본값 사용"
"Use Default Value","기본값 사용"
"Use Default Variable Values","기본값으로 사용"
"Use FTP Connection","FTP 연결 사용"
"Use Website","Use Website"
"Used Currently For","Used Currently For"
"Used as Default For","Used as Default For"
"User Email","사용자 이메일"
"User ID","사용자 ID"
"User Info","사용자 정보"
"User Information","사용자 정보"
"User Name","사용자 이름"
"User Name is required field.","사용자 이름은 필수 입력입니다."
"User Name:","사용자 이름:"
"User Password","사용자 비밀번호"
"User Role","사용자 역할"
"User Roles","사용자 역할"
"User Roles Information","사용자 역할 정보"
"User Type Resources","User Type Resources"
"User name","사용자 이름"
"Users","사용자"
"VAT Number is Invalid","VAT 번호가 유효하지 않습니다."
"VAT Number is Valid","VAT 번호가 유효합니다."
"Validation Results","검증 결과"
"Value","값"
"Value Delimiter:","값 구분자:"
"Variable","변수"
"Variable Code","변수 코드"
"Variable HTML Value","변수 HTML 값"
"Variable ID","변수 ID"
"Variable Name","변수명"
"Variable Plain Value","변수 Plain 값"
"Verifier code: %s","변수 코드 : %s"
"View Actions XML","동작 XML 보기"
"View Full Size","큰그림으로 보기"
"View Memo","메모 보기"
"View Memo for #%s","#%s 메모보기"
"View Shipment","배송조회"
"View Statistics For:","통계정보 보기:"
"Visibility:","노출:"
"Warning","경고"
"Warning! Empty value can cause problems with CSV format.","경고! 비어있는 값을 CSV에서 문제가 생길수 있습니다."
"Warning!\r\nThis action will remove this user from already assigned role\r\nAre you sure?","경고!\r\n실행하시면 연관된 사용자가 삭제될 수 있습니다.\r\n계속 하시겠습니까?"
"Warning!\r\nThis action will remove those users from already assigned roles\r\nAre you sure?","경고!\r\n실행하시면 연관된 사용자가 삭제될 수 있습니다.\r\n계속 하시겠습니까?"
"Warning: Please do not close the window during importing/exporting data","경고: importing/exporting 중 윈도우를 닫으시면 안됩니다."
"Watermark File for %s","Watermark File for %s"
"We appreciate our merchants\' feedback, please <a href=""#"" onclick=""surveyAction(\'yes\'); return false;"">take our survey</a> to provide insight on the features you would like included in Magento. <a href=""#"" onclick=""surveyAction(\'no\'); return false;"">Remove this notification</a>","We appreciate our merchants\' feedback, please <a href=""#"" onclick=""surveyAction(\'yes\'); return false;"">take our survey</a> to provide insight on the features you would like included in Magento. <a href=""#"" onclick=""surveyAction(\'no\'); return false;"">Remove this notification</a>"
"We\'re in our typing table, coding away more features for Magento. Thank you for your patience.","We\'re in our typing table, coding away more features for Magento. Thank you for your patience."
"Web Section","웹 항목"
"Web Services","웹서비스 관리"
"Web services","웹서비스"
"Website","웹사이트"
"What is this?","이것은 무엇입니까?"
"Wishlist Report","위시리스트 리포트"
"Wishlist item is not loaded.","찜목록 상품이 로드되지 않았습니다."
"Wrong account specified.","잘못된 계정 정보가 지정되었습니다."
"Wrong billing agreement ID specified.","잘못된 결제 확인 ID가 지정되었습니다."
"Wrong column format.","잘못된 컬럼 형식 입니다."
"Wrong newsletter template.","잘못된 뉴스레터 템플릿 입니다."
"Wrong quote item.","잘못된 quote 상품 입니다."
"Wrong tab configuration.","잘못된 탭 설정입니다."
"Wrong tag was specified.","절못된 테그가 지정되었습니다."
"Wrong transaction ID specified.","잘못된 트랜젝선 ID가 지정되었습니다."
"XML","XML"
"XML data is invalid.","XML정보가 유효하지 않습니다."
"XML object is not instance of ""Varien_Simplexml_Element"".","XML object is not instance of ""Varien_Simplexml_Element""."
"YTD","YTD"
"Year","년"
"Yes","예"
"Yes (301 Moved Permanently)","예 (301 Moved Permanently)"
"Yes (302 Found)","Yes (302 Found)"
"Yes (only price with tax)","Yes (only price with tax)"
"You cannot delete your own account.","본인의 계정은 삭제할 수 없습니다."
"You have %s unread message(s).","%s 개 읽지않은 메시지."
"You have %s unread message(s). <a href=""%s"">Go to messages inbox</a>.","%s 개 읽지않은 메시지. <a href=""%s"">메시지 박스가기</a>."
"You have %s, %s and %s unread messages. <a href=""%s"">Go to messages inbox</a>.","You have %s, %s and %s unread messages. <a href=""%s"">메시지 박스가기</a>."
"You have logged out.","You have logged out."
"You have not enough permissions to use this functionality.","You have not enough permissions to use this functionality."
"You must have JavaScript enabled in your browser to utilize the functionality of this website.","웹사이트 정보를 수정하시려면 브라우져에서 자바스크립트를 활성화 시켜야 합니다."
"You need to specify order items.","You need to specify order items."
"You will need to wait when the action ends.","동작이 완료될 때까지 기다리십시오."
"Your answers contain duplicates.","동일한 답변이 있습니다."
"Your password has been updated.","비밀번호가 수정되었습니다."
"Your password reset link has expired.","비밀번호 수정 링크의 기간이 만료되었습니다."
"Your server PHP settings allow you to upload files not more than %s at a time. Please modify post_max_size (currently is %s) and upload_max_filesize (currently is %s) values in php.ini if you want to upload larger files.","Your server PHP settings allow you to upload files not more than %s at a time. Please modify post_max_size (currently is %s) and upload_max_filesize (currently is %s) values in php.ini if you want to upload larger files."
"Your web server is configured incorrectly. As a result, configuration files with sensitive information are accessible from the outside. Please contact your hosting provider.","Your web server is configured incorrectly. As a result, configuration files with sensitive information are accessible from the outside. Please contact your hosting provider."
"Zip/Postal Code","우편 번호"
"Zip/Postal Code:","우편번호:"
"[ deleted ]","[ 삭제됨 ]"
"[GLOBAL]","[GLOBAL]"
"[STORE VIEW]","[STORE VIEW]"
"[WEBSITE]","[WEBSITE]"

"b","b"
"close","닫기"
"critical","치명적인"
"example: ""sitemap/"" or ""/"" for base path (path must be writeable)","example: ""sitemap/"" or ""/"" for base path (path must be writeable)"
"example: sitemap.xml","예: sitemap.xml"
"failed","실패"
"from","from"
"major","major"
"minor","minor"
"notice","공지"
"store(%s) scope","상점(%s) 영역"
"successful","성공"
"to","to"
"website(%s) scope","웹사이트(%s) 영역"
"{{base_url}} is not recommended to use in a production environment to declare the Base Unsecure URL / Base Secure URL. It is highly recommended to change this value in your Magento <a href=""%s"">configuration</a>.","{{base_url}} is not recommended to use in a production environment to declare the Base Unsecure URL / Base Secure URL. It is highly recommended to change this value in your Magento <a href=""%s"">configuration</a>."
